Product Name,Product Price,Product ID,Product specifications
,,,
,,,
Apple iPhone 8 64GB GSM Unlocked Smartphone- Very Good condition,US $105.00,126463848413,"{'Condition': 'Very Good - Refurbished', 'Seller Notes': '‚Äú""This iPhone 8 (64GB) is in very good condition, with minimal wear. It\'s unlocked for GSM carrier\'s ... Read more\nabout the seller notes', 'Processor': '', 'Screen Size': 'Quad Core', 'Manufacturer Color': '4.7""', 'Color': 'Black', 'Memory Card Type': 'Space Gray', 'MPN': 'CompactFlash', 'Lock Status': 'MQ6V2LL/A', 'Cellular Band': 'GSM Unlocked', 'SIM Card Slot': 'GSM', 'Brand': 'Single SIM', 'Network': 'Apple', 'Model': 'GSM Unlocked, Unlocked', 'Style': 'Apple iPhone 8', 'Connectivity': 'Smartphone', 'Operating System': 'Bluetooth, NFC, Wi-Fi', 'Features': 'iOS', 'Storage Capacity': 'Camera', 'Contract': '64 GB', 'Camera Resolution': 'Without Contract', 'RAM': '12MP', 'UPC': '2GB'}"
Samsung Galaxy A03s - UNLOCKED - Android 13,US $99.99/ea,275066024489,"{'Condition': 'New: A brand-new, unused, unopened, undamaged item in its original packaging (where packaging is ... Read more\nabout the condition', 'Processor': '', 'Screen Size': 'Octa Core', 'Color': '6.5 in', 'Memory Card Type': 'Black', 'Lock Status': 'MicroSD', 'Model Number': 'Factory Unlocked', 'SIM Card Slot': 'SM-S135DL', 'Brand': 'Single SIM', 'Network': 'Samsung', 'Model': 'Unlocked', 'Connectivity': 'Samsung Galaxy A03s', 'Operating System': '4G LTE', 'Storage Capacity': 'Android', 'Contract': '32 GB', 'Camera Resolution': 'Without Contract', 'RAM': '13.0 MP'}"
Samsung Galaxy A50 SM-A505U 64GB+4GB RAM 25MP LTE Unlocked Smartphone-New Sealed,US $129.00,334435300533,"{'Condition': 'New: A brand-new, unused, unopened, undamaged item in its original packaging (where packaging is ... Read more\nabout the condition', 'Processor': '', 'Screen Size': 'Octa Core', 'Color': '6.4 in', 'Chipset Model': 'Black', 'Memory Card Type': 'Exynos 9610 (10nm)', 'Lock Status': 'microSDXC (dedicated slot)', 'Model Number': 'Factory Unlocked', 'SIM Card Slot': 'SM-A505U', 'Brand': 'Single SIM', 'Manufacturer Warranty': 'Samsung', 'Network': '1 Year', 'Model': 'Unlocked', 'Style': 'Samsung Galaxy A50 SM-A505U', 'Connectivity': 'Bar', 'Operating System': '2G, 3G, 4G, Bluetooth, GPS, LTE, NFC, Quad-Band, USB Type-C, Wi-Fi', 'Storage Capacity': 'Android', 'Contract': '64 GB', 'Camera Resolution': 'Without Contract', 'RAM': '25.0 MP', 'UPC': '4 GB'}"
"Samsung Galaxy Z Flip3 5G F711U 128GB Unlocked Phantom Black ""Brand New Sealed""",US $299.95,276465661647,"{'Condition': 'New: A brand-new, unused, unopened, undamaged item in its original packaging (where packaging is ... Read more\nabout the condition', 'Processor': '', 'Chipset Model': 'Octa Core', 'Color': 'Qualcomm Snapdragon 888', 'Lock Status': 'Black', 'Model Number': 'Network Unlocked', 'SIM Card Slot': 'SM-F711U', 'Brand': 'Single SIM', 'Network': 'Samsung', 'Model': 'Unlocked', 'Connectivity': 'Samsung Galaxy Z Flip3 5G', 'Style': '5G, Bluetooth, Wi-Fi', 'Operating System': 'Flip', 'Features': 'Android', 'Storage Capacity': 'Water-Resistant, AMOLED Display, Wide-Angle Camera, Ultra Wide-Angle Camera, Fingerprint Sensor, Dual Rear Cameras, eSIM, Dual Screen', 'Contract': '128 GB', 'Camera Resolution': 'Without Contract', 'RAM': '12.0 MP'}"
Unlocked Samsung Galaxy Folder G1600 Dual SIM LTE Flip SmartPhone- New Sealed,US $88.00,363763978897,"{'Condition': 'New: A brand-new, unused, unopened, undamaged item in its original packaging (where packaging is ... Read more\nabout the condition', 'Processor': '', 'Screen Size': 'Quad Core', 'Custom Bundle': '3.8 in', 'Color': 'No', 'Memory Card Type': 'Gold', 'Lock Status': 'MicroSD', 'Model Number': 'Factory Unlocked', 'SIM Card Slot': 'SM-G1600', 'Brand': 'Dual SIM (SIM + SIM + Memory Card)', 'Manufacturer Warranty': 'Samsung', 'Network': '1 Year', 'Model': 'Unlocked', 'Style': 'Samsung Galaxy Folder', 'Connectivity': 'Flip', 'Operating System': '2G, 3G, 4G, Bluetooth, GPS, Micro USB, Wi-Fi', 'Storage Capacity': 'Android', 'Contract': '16 GB', 'Camera Resolution': 'Without Contract', 'RAM': '8.0 MP', 'UPC': '2 GB'}"
New Sealed--BlackBerry Classic Q20 16GB+2GB RAM Unlocked LTE Qwerty Keyboard,US $105.00,166114014362,"{'Condition': 'New: A brand-new, unused, unopened, undamaged item in its original packaging (where packaging is ... Read more\nabout the condition', 'Processor': '', 'Screen Size': 'Dual Core', 'Chipset Model': '3.5 in', 'Memory Card Type': 'Qualcomm MSM8960 Snapdragon S4 Plus', 'Lock Status': 'MicroSD', 'Model Number': 'Factory Unlocked', 'SIM Card Slot': 'BlackBerry Classic Q20', 'Brand': 'Single SIM', 'Manufacturer Warranty': 'BlackBerry', 'Network': '1 Year', 'Model': 'Unlocked', 'Connectivity': 'BlackBerry Classic', 'Style': '2G, 3G, 4G, LTE', 'Features': 'Bar', 'Operating System': 'Bluetooth Enabled, Camera, Email, Web, GPS, Music Player, QWERTY Keyboard, Touch Screen, Video Camera, Wi-Fi Capable', 'Storage Capacity': 'BlackBerry OS', 'Country/Region of Manufacture': '2 GB', 'Contract': 'China', 'Camera Resolution': 'Without Contract', 'RAM': '8.0 MP'}"
NEW UNLOCKED SAMSUNG GALAXY S20+ PLUS 5G 128/256GB SM-G986U1 GSM+CDMA All COLORS,US $216.60/ea,315388331010,"{'Condition': 'New: A brand-new, unused, unopened, undamaged item in its original packaging (where packaging is ... Read more\nabout the condition', 'Processor': '', 'Screen Size': 'Octa Core', 'Lock Status': '6.7 in', 'Model Number': 'Factory Unlocked', 'SIM Card Slot': 'SM-G986U, SM-G986U1', 'Brand': 'Single SIM', 'Network': 'Samsung', 'Model': 'Unlocked', 'Connectivity': 'Samsung Galaxy S20+ 5G', 'Operating System': '2G, 3G, 4G, 4G+, 5G', 'Features': 'Android', 'Storage Capacity': '4K Video Recording', 'Contract': '256 GB', 'Camera Resolution': 'Without Contract', 'RAM': '12.0 MP'}"
Lot Of 20 Electronic Phones and Tablets - Working & For Parts or Repair,US $31.00,176411097039,"{'Condition': 'Used: An item that has been used previously. The item may have some signs of cosmetic wear, but is ... Read more\nabout the condition', 'Screen Size': '', 'Color': '4.5 in', 'SIM Card Slot': 'Multicolor', 'Brand': 'Single SIM', 'Network': 'Samsung', 'Model': 'Unlocked, Verizon, T-Mobile', 'Style': 'samsung', 'Connectivity': 'Bar', 'Operating System': '4G, Bluetooth, Wi-Fi', 'Features': 'Android', 'Storage Capacity': 'Fingerprint Sensor, Camera, Bluetooth Enabled', 'Country/Region of Manufacture': '32 GB', 'RAM': 'China'}"
For i16Pro Mini Unlocked Flip Mobile Phone 2 SIM Card Small Display Foldable New,US $35.09,335279580857,"{'Condition': 'New: A brand-new, unused, unopened, undamaged item in its original packaging (where packaging is ... Read more\nabout the condition', '35mm headphone port': '', 'battery capacity(mah)': 'YES', 'battery type': '1000', 'biometrics technology': 'Not Detachable', 'bluetooth version': 'no', 'Brand': 'YSE', 'cellular': 'Does not apply', 'charging interface type': '2G', 'charging power': 'Micro USB', 'design': 'Other', 'display resolution': 'Flip', 'display size': '240x320', 'fast charging': '‚â§4.0""', 'front camera pixel': 'Nonsupport', 'front camera quantity': 'None Front Camera', 'item condition': 'NONE', 'language': 'New', 'memory card type': 'English,Russian,French,Spanish,Portuguese,ITALIAN,Arabic', 'Model': 'Dedicated slot', 'nfc': 'Does not apply', 'operation system': 'no', 'origin': 'Dumbphone OS', 'rear camera pixel': 'Mainland China', 'rear camera quantity': '‚â§1MP', 'screen type': '1', 'sim card quantity': 'Normal Screen', 'Storage Capacity': '2 SIM Card', 'touch screen': 'Does not apply', 'Type': 'No', 'wireless charging': 'Does not apply'}"
NEW Samsung Galaxy Note 20 5G SM-N981U 128GB Unlocked All Colors GSM+CDMA,US $245.10,315388331973,"{'Condition': 'New: A brand-new, unused, unopened, undamaged item in its original packaging (where packaging is ... Read more\nabout the condition', 'Processor': '', 'Screen Size': 'Octa Core', 'Chipset Model': '6.7 in', 'Model Number': 'Qualcomm Snapdragon 865+', 'Lock Status': 'SM-N981U, SM-N981U1', 'SIM Card Slot': 'Factory Unlocked', 'Brand': 'Single SIM', 'Network': 'Samsung', 'Model': 'Unlocked', 'Connectivity': 'Samsung Galaxy Note20 5G', 'Style': '4G, 4G+, 5G, Bluetooth, GPS', 'Features': 'Bar', 'Operating System': '3D Depth Camera, 3D Depth Sensor, 4K Video Recording, Acceleromet', 'Storage Capacity': 'Android', 'Contract': '128 GB', 'Camera Resolution': 'Without Contract', 'RAM': '64.0 MP'}"
Working well Apple iPhone 5 5c 5s 8/16/32/64GB All colours Fully UNLOCKED Good!!,US $28.99/ea,126435608547,"{'Condition': 'Open box', 'Seller Notes': '‚ÄúThis Phone 5/5s is professional refurbisehd,the exterior looked fabulous,new battery ,tested,full ... Read more\nabout the seller notes', 'Brand': '', 'Manufacturer Warranty': 'Apple', 'Operating System': '1 Year', 'Lock Status': 'iOS', 'SIM Card Slot': 'Factory Unlocked'}"
Original Unlocked Apple iPhone 5 5C 8/16/32GB 5colors usedphone work well,US $24.00/ea,266770058002,"{'Condition': 'Used', 'Seller Notes': '‚ÄúBelow IOS15 does not belong to ""No Sim Restrictions"" Please understand clearly before purchasing If ... Read more\nabout the seller notes', 'Brand': '', 'Network': 'Apple', 'Model': 'Unlocked', 'Operating System': 'Apple iPhone 5c', 'Storage Capacity': 'iOS', 'Camera Resolution': '32 GB', 'SIM Card Slot': '8.0 MP', 'RAM': 'Single SIM'}"
Google Pixel 6 | 6a | 6 Pro - 128 GB (Unlocked) AT&T Metro T-Mobile Verizon,US $154.95,256511425369,"{'Condition': 'Very Good - Refurbished', 'Seller Notes': '‚ÄúThese phones are fully functional and are in Very Good cosmetic condition. This listing contains ... Read more\nabout the seller notes', 'Brand': '', 'Processor': 'Google', 'Screen Size': 'Octa Core', 'Connectivity': '6.7 in', 'Features': '5G, Bluetooth, GPS, Wi-Fi', 'Operating System': 'Ambient Light Sensor, Bluetooth Enabled, Camera, Fast Charging, Front Camera, GPS, NFC Connectivity, Proximity Sensor, Vibration, Wi-Fi Capable, Wireless Charging', 'Storage Capacity': 'Android', 'Lock Status': '128 GB', 'SIM Card Slot': 'Network Unlocked', 'RAM': 'Dual SIM (SIM + eSIM)'}"
Apple iPhone 6 | 6+ | 6S | 6S+ Plus - 16GB 32GB 64GB 128GB (GSM Unlocked),US $49.95,276333980411,"{'Condition': 'Open box', 'Seller Notes': '‚ÄúThis listing contains multiple options to choose from; Model, Network, Storage, Color, and ... Read more\nabout the seller notes', 'Processor': '', 'Screen Size': 'Dual Core', 'Memory Card Type': '4.7 in', 'MPN': 'None', 'Lock Status': 'Does Not Apply', 'Model Number': 'Factory Unlocked', 'SIM Card Slot': 'A1522 (CDMA + GSM), A1522 (GSM), A1524 (CDMA + GSM), A1549 (CDMA + GSM), A1549 (GSM), A1586 (CDMA + GSM), A1633 (CDMA + GSM), A1634 (CDMA + GSM), A1687 (CDMA + GSM), A1688 (CDMA + GSM)', 'Brand': 'Single SIM', 'Network': 'Apple', 'Connectivity': 'AT&T, Cricket Wireless, Metro, SIMPLE Mobile, Straight Talk, T-Mobile, Unlocked', 'Style': 'Bluetooth, Wi-Fi', 'Operating System': 'Bar', 'Features': 'iOS', 'Storage Capacity': 'Bluetooth Enabled, Front Camera, Wi-Fi Capable', 'Contract': '16GB | 32GB | 64GB | 128GB', 'Camera Resolution': 'Without Contract', 'RAM': '8.0 MP'}"
Samsung Galaxy A04E (A042F) 32GB GSM Unlocked International Version (New),US $89.99,325815617247,"{'Condition': 'New: A brand-new, unused, unopened, undamaged item in its original packaging (where packaging is ... Read more\nabout the condition', 'Brand': '', 'Processor': 'Samsung', 'Screen Size': 'Mediatek MT6765 Helio P35 (12nm)', 'Network': '6.5 in', 'Model': 'GSM Unlocked', 'Memory Card Type': 'Samsung Galaxy A04E', 'Connectivity': 'microSDXC (dedicated slot)', 'Storage Capacity': '2G, 3G, 4G, Bluetooth, Wi-Fi', 'Model Number': '32GB', 'Contract': 'A042F', 'SIM Card Slot': 'Without Contract', 'Camera Resolution': 'Dual SIM (SIM + SIM)'}"
Samsung Galaxy S10 | S10 Plus | S10e - 128GB | 512GB - (Unlocked) - Excellent,US $134.95,186312865545,"{'Condition': 'Excellent - Refurbished', 'Seller Notes': '‚ÄúThese phones are fully functional and are in Excellent cosmetic condition. This listing contains ... Read more\nabout the seller notes', 'Processor': '', 'Screen Size': 'Octa Core', 'Memory Card Type': '6.1 in', 'MPN': 'MicroSD', 'Model Number': 'SM-G973UZWAXAA', 'Lock Status': 'SM-G973U', 'SIM Card Slot': 'Factory Unlocked', 'Brand': 'Single SIM', 'Connectivity': 'Samsung', 'Style': 'USB Type-C, Bluetooth, 4G, Wi-Fi, NFC, GPS', 'Features': 'Bar', 'Operating System': 'Fast Wireless Charging, Infinity-O Display, Ultrasonic Fingerprint Sensor', 'Contract': 'Android', 'Camera Resolution': 'Without Contract', 'RAM': '12.0 MP'}"
Samsung SCH-R350 Freeform MetroPCS Vintage Mobile Phone (with QWERTY Keypad),US $1.00,395438851951,"{'Condition': 'Used: An item that has been used previously. The item may have some signs of cosmetic wear, but is ... Read more\nabout the condition', 'Screen Size': '', 'Color': '2.2 in', 'Memory Card Type': 'Gray', 'Lock Status': 'MicroSDHC', 'Model Number': 'Network Locked', 'SIM Card Slot': 'SCH-R350 Freeform', 'Brand': 'Single SIM', 'Network': 'Samsung', 'Model': 'MetroPCS', 'Features': 'Samsung SCH-R350 Freeform', 'Storage Capacity': 'Bluetooth Enabled, QWERTY Keyboard', 'Country/Region of Manufacture': '55 MB', 'Camera Resolution': 'Korea, Republic of', 'Operating System': '1.3 MP'}"
85% N ew Apple iPhone 4 4S 8GB 16GB 32GB Unlocked Black White Fully working,US $29.00/ea,155611329818,"{'Condition': 'Used', 'Seller Notes': '‚ÄúFull working , no damage .Very GOOD condition‚Äù', 'Processor': 'Single Core', 'Screen Size': '3.5 in', 'Memory Card Type': 'Built-In Memory', 'MPN': 'MC677LL/A', 'Model Number': 'A1349 (CDMA)', 'Brand': 'Apple', 'Network': 'Unlocked, Verizon', 'Model': 'Apple iPhone 4', 'Style': 'Bar', 'Connectivity': 'Bluetooth, Wi-Fi', 'Operating System': 'iOS', 'Camera Resolution': '5.0 MP'}"
AT&T Samsung Factory Unlock (SAMSUNG S20 S20+ PLUS S20 ULTRA S20 FE 5G Z FLIP),US $14.99,266513507616,"{'Condition': 'New: A brand-new, unused, unopened, undamaged item in its original packaging (where packaging is ... Read more\nabout the condition', 'Brand': '', 'Color': 'Samsung', 'Model': 'Any', 'Operating System': 'Galaxy', 'Storage Capacity': 'Android', 'Lock Status': 'Any'}"
NEW UNLOCKED SAMSUNG GALAXY S21 5G SM-G991U1 ALL COLORS 128GB 256GB GSM+CDMA,US $232.75,315388331781,"{'Condition': 'New: A brand-new, unused, unopened, undamaged item in its original packaging (where packaging is ... Read more\nabout the condition', 'Processor': '', 'Screen Size': 'Octa Core', 'Chipset Model': '6.2 in', 'Lock Status': 'Qualcomm Snapdragon 888', 'Model Number': 'Factory Unlocked', 'SIM Card Slot': 'SM-G991U, SM-G991U1', 'Brand': 'Single SIM', 'Network': 'Samsung', 'Model': 'Unlocked', 'Connectivity': 'Samsung Galaxy S21 5G', 'Style': '4G, 4G+, 5G, Bluetooth, GPS', 'Operating System': 'Bar', 'Features': 'Android', 'Storage Capacity': 'Air Gesture, Internet Browser, Touchscreen, 3G Data Capable, 4G Data Capable, Bluetooth Enabled, Fingerprint Sensor', 'Contract': '128 GB, 256 GB', 'Camera Resolution': 'Without Contract', 'RAM': '64.0 MP'}"
Sealed Grade A+Apple iPhone 4s 32GB Black/White Fully Unlocked(any carrier)3.5'',US $46.98/ea,126244818703,"{'Condition': 'Used', 'Seller Notes': '‚ÄúSealed,with all accessories,Very good condition,tested,working well.‚Äù', 'Brand': 'Apple', 'Screen Size': '3.5 in', 'Model': 'Apple iPhone 4s', 'Storage Capacity': '32 GB', 'Camera Resolution': '8.0 MP'}"
Original Unlocked Apple iPhone 4 4s 5 5s 8/16/32GB IOS all colors usedphone,US $20.00/ea,404890585315,"{'Condition': 'Used', 'Seller Notes': '‚Äúbelow IOS15 does not belong to ""No Sim Restrictions"". Please understand clearly before purchasing. ... Read more\nabout the seller notes', 'Brand': '', 'Network': 'Apple', 'Color': 'Unlocked', 'Model': 'White', 'Style': 'Apple iPhone 4s', 'Operating System': 'Bar', 'Storage Capacity': 'iOS', 'Camera Resolution': '32 GB', 'SIM Card Slot': '8.0 MP', 'RAM': 'Single SIM'}"
Assorted Dialn & Vortex Phones Maxsip Telecom Clean IMEI Lot of 4,US $102.50,335428594585,"{'Condition': 'Open box', 'Seller Notes': '‚ÄúThe IMEI/ESN is GOOD. The item is in excellent, new condition with no wear. The item may be missing ... Read more\nabout the seller notes', 'Network': '', 'Brand': 'Maxsip Telecom', 'Color': 'Dialn & Vortex', 'Model': 'Black (2), Red, Blue', 'MPN': 'Assorted Phones', 'Storage Capacity': 'Neo, G65, CG65', 'UPC': '32GB (1) & 64GB (3)'}"
BlackBerry Classic Q20 SQC100-2 16GB UNLOCKED GSM 4G LTE Keyboard Smartphone,US $149.99/ea,164961612797,"{'Condition': 'Open box', 'Seller Notes': '‚ÄúSmartphone only. Missing Retail Packaging and accessories‚Äù', 'Processor': 'Dual Core', 'BlackBerry Q20 Classic Unlocked Physical QWERTY keyboard': 'Classic design 3.5 inch display 8MP rear camera 2MP front camera', 'Chipset Model': 'GSM', 'MPN': 'Does Not Apply', 'Lock Status': 'Factory Unlocked', 'SIM Card Slot': 'Single SIM', 'Manufacturer Warranty': 'None', 'Network': 'Lyca, H2o Wireless, Global Ready, GSM Global, Factory Unlocked, AT&T, Lycamobile, SIMPLE Mobile, T-Mobile, Ultra Mobile', 'Style': 'Bar', 'Operating System': 'BlackBerry OS', 'Features': 'Bluetooth Enabled, Camera, Front Camera, GPS, QWERTY Keyboard, Touch Screen, Video Camera, Wi-Fi Capable', 'Storage Capacity': '16 GB', 'Camera Resolution': '8.0 MP', '16GB storage MicroSD card slot 4G LTE': 'Wi-Fi Bluetooth BlackBerry OS', 'Screen Size': '3.5 in', 'Manufacturer Color': 'Black', 'Color': 'Black', 'Memory Card Type': 'MicroSD', 'Model Number': 'Q20 Classic, SQC100-2', 'Cellular Band': 'LTE', 'Brand': 'BlackBerry', 'Model': 'Classic Q20', 'Connectivity': '2G, 3G, 4G, GPS, LTE, Micro USB, Quad-Band, WAP, Wi-Fi', 'Country/Region of Manufacture': 'China', 'Contract': 'Without Contract', 'RAM': '2 GB'}"
Huawei Mate 20 Pro - 128GB (Unlocked) usedphone google play (Global) Android,US $150.00/ea,266823563042,"{'Condition': 'Used', 'Seller Notes': '‚ÄúOriginal Phone, Fully working, Chinese version, multiple languages. Can scan Google or Android ... Read more\nabout the seller notes', 'Brand': '', 'Screen Size': 'Huawei', 'Network': '6.39 in', 'Color': 'Unlocked', 'Model': 'Blue', 'Operating System': 'Huawei Mate 20 Pro', 'Storage Capacity': 'Android', 'Lock Status': '128 GB', 'Camera Resolution': 'Network Unlocked'}"
NEW UNLOCKED SAMSUNG GALAXY S21+ PLUS 5G SM-G996U 128/256GB ALL COLORS GSM+CDMA,US $261.25/ea,186444625182,"{'Condition': 'New: A brand-new, unused, unopened, undamaged item in its original packaging (where packaging is ... Read more\nabout the condition', 'Processor': '', 'Screen Size': 'Octa Core', 'Model Number': '6.7 in', 'Lock Status': 'SM-G996U, SM-G996U1', 'SIM Card Slot': 'Factory Unlocked', 'Brand': 'Single SIM', 'Network': 'Samsung', 'Model': 'Unlocked', 'Connectivity': 'Samsung Galaxy S21+ 5G', 'Style': '4G, 4G+, 5G, Bluetooth, GPS', 'Operating System': 'Bar', 'Features': 'Android', 'Storage Capacity': 'Air Gesture, Internet Browser, Touchscreen, 3G Data Capable, 4G Data Capable, 3D Depth Camera, 3D Depth Sensor, 4K Video Recording, Bluetooth Enabled, Fingerprint Sensor, Global Ready, GPS, Music Player, Speakerphone, Wi-Fi Capable', 'Contract': '128 GB, 256 GB', 'Camera Resolution': 'Without Contract', 'RAM': '64.0 MP'}"
full working Apple iPhone 3GS - 8GB - Black Unlocked A1303 (GSM) IOS6,US $30.00/ea,404483546907,"{'Condition': 'Used', 'Seller Notes': '‚ÄúOriginal mobile phone is used, all functions are normal‚Äù', 'Processor': 'Single Core', 'Screen Size': '3.5 in', 'Color': 'Black', 'Memory Card Type': 'Built-In Memory', 'MPN': 'MC135LL/A, MB715LL/A', 'Model Number': 'A1303 (GSM)', 'Lock Status': 'Network Locked', 'Brand': 'Apple', 'Network': 'AT&T, Unlocked', 'Model': 'Apple iPhone 3GS', 'Connectivity': 'Bluetooth, Wi-Fi', 'Style': 'Bar', 'Operating System': 'iOS', 'Storage Capacity': '8 GB', 'Contract': 'With Contract', 'Camera Resolution': '3.0 MP', 'RAM': '256MB', 'UPC': '0885909253623'}"
Working Apple iPhone 1st gen(iPhone 2G) 8GB Black A1203 Unlocked Classic 3.5'',US $88.99,355329691091,"{'Condition': 'Used', 'Seller Notes': '‚Äúshow as the photos, good condition,we have tested calling\\camera\\all button\\charging,all of this ... Read more\nabout the seller notes', 'Brand': '', 'Screen Size': 'Apple', 'Color': '3.5 in', 'Model': 'Black', 'Storage Capacity': 'Apple iPhone (1st Generation)', 'Lock Status': '8GB', 'Camera Resolution': 'Factory Unlocked'}"
Samsung Galaxy S10 S10e S10+ Plus 128GB 512GB - Unlocked Verizon AT&T T-Mobile,US $99.95,185481505988,"{'Condition': 'Open box', 'Seller Notes': '‚ÄúThis listing contains multiple options: Model, Network, Storage, Color, and Condition. Please view ... Read more\nabout the seller notes', 'Camera Resolution': '', 'Operating System': '16.0 MP', 'Contract': 'Android', 'Connectivity': 'Without Contract', 'Features': '4G, 4G+, GPS', 'Model Number': 'Accelerometer, Active Edge, Ambient Light Sensor, AMOLED Display, Wireless Charging', 'RAM': 'SM-G973, SM-G970, SM-G975, SM-G970U, SM-G973U, SM-G975U', 'Lock Status': '8 GB', 'MPN': 'Network Unlocked', 'Network': 'SM-G973U, SM-G970U, SM-G975U', 'SIM Card Slot': 'Unlock, AT&T, Boost Mobile, Consumer Cellular, Cricket Wireless, Metro, Sprint, Straight Talk, T-Mobile, Unlocked, Verizon', 'Brand': 'Single SIM', 'Memory Card Type': 'Samsung', 'Processor': 'MicroSD', 'Screen Size': 'Octa Core'}"
Samsung Galaxy A03s SM-A037U 32GB / 64GB Unlocked T-Mobile AT&T Verizon MetroPCS,US $59.99/ea,275396310285,"{'Condition': 'Open box', 'Seller Notes': '‚ÄúPhysical Open Box Condition/ Device Only/ No SIM/ No Accessories/ No Box/ Pleases Choose correct ... Read more\nabout the seller notes', 'Processor': '', 'Screen Size': 'Octa Core', 'Color': '6.5 in', 'Memory Card Type': 'Black', 'MPN': 'microSDXC', 'Lock Status': 'SM-A03S', 'Model Number': 'GSM Factory Unlocked', 'SIM Card Slot': 'SM-A037U', 'Brand': 'Single SIM', 'Network': 'Samsung', 'Model': 'AT&T, Boost Mobile, Cricket Wireless, h2o, Spectrum, T-Mobile, Unlocked, Verizon, Xfinity, GSM, US Cellular', 'Connectivity': 'Samsung Galaxy A03s', 'Operating System': '2G, 3G, 4G', 'Features': 'Android', 'Storage Capacity': 'Bluetooth Enabled, Camera', 'Contract': '64 GB', 'Camera Resolution': 'Without Contract', 'RAM': '13.0 MP'}"
Cricket Magic 5G (2023) (U6080AC) 64GB Smartphone,US $14.47,285896102788,"{'Condition': 'Used: An item that has been used previously. The item may have some signs of cosmetic wear, but is ... Read more\nabout the condition', 'Brand': '', 'Screen Size': 'Cricket', 'Color': '6.6 in', 'Network': 'Gray', 'Model': 'Cricket Wireless', 'Connectivity': 'Cricket Magic 5G', 'MPN': '5G, USB Type-C', 'Operating System': 'Does Not Apply', 'Storage Capacity': 'Android', 'Lock Status': '64 GB', 'SIM Card Slot': 'Network Locked', 'RAM': 'Single SIM'}"
Samsung Galaxy S20 S20+ S20 FE S20 Ultra 5G 128GB Unlocked Verizon T-Mobile AT&T,US $169.95,276465377034,"{'Condition': 'Very Good - Refurbished', 'Seller Notes': '‚ÄúThis listing offers a variety of choices, including Model, Network, and Color options. The devices ... Read more\nabout the seller notes', 'Processor': '', 'Screen Size': 'Octa Core', 'Memory Card Type': '6.2 in, 6.5 in, 6.7 in, 6.9 in', 'MPN': 'MicroSD', 'Model Number': 'N/A', 'Lock Status': 'SM-G781U, SM-G981U, SM-G986U, SM-G988U', 'SIM Card Slot': 'Factory Unlocked', 'Brand': 'Single SIM', 'Network': 'Samsung', 'Connectivity': 'AT&T, Consumer Cellular, Cricket Wireless, Metro, Mint Mobile, SIMPLE Mobile, T-Mobile, U.S. Cellular, Unlocked, Verizon, Xfinity', 'Style': '3G, 4G, 4G+, 5G, Bluetooth, LTE, USB Type-C, Wi-Fi', 'Features': 'Bar', 'Operating System': '3D Depth Camera, 3D Depth Sensor, 3D Face Recognition, 4K Video Recording, 8K Video Recording, Accelerometer, Ambient Light Sensor, AMOLED Display, Barometer, Bluetooth Enabled, Fast Charging, Fast Wireless Charging, Fingerprint Sensor', 'Storage Capacity': 'Android', 'Contract': '128 GB', 'Camera Resolution': 'Without Contract', 'RAM': '12.0 MP'}"
2024 Factory Unlocked Android Cheap Cell Phone Smartphone Dual SIM USA Quad Core,US $63.99/ea,275427662747,"{'Condition': 'New: A brand-new, unused, unopened, undamaged item in its original packaging (where packaging is ... Read more\nabout the condition', 'Brand': '', 'Bundle Listing': 'XGODY', 'Camera Resolution': 'No', 'Capacity of Battery': '8.0 MP', 'Cellular Band': '4000mAh', 'Color': '4G: B1/B2/B3/B4/B5/B7/B8/B12/B17/B20/B38/B40/B41', 'Connectivity': 'Black', 'Contract': '2G, 3G, 4G, Bluetooth, GPRS, GPS, Headphone Jack, LTE, Micro USB, Quad-Band, WAP, Wi-Fi', 'Country/Region of Manufacture': 'Without Contract', 'Custom Bundle': 'United States', 'Features': 'No', 'Free Accessories': 'Web, 3G Data Capable, 4G Data Capable, Accelerometer, Bluetooth Enabled, Camera, Dual SIM, Email, FM Radio, Front Camera, Geotagging, GPS, Internet Browser, MMS (Multimedia Messaging), Music Player, Nano SIM, Rear Camera, Sim Free, Speakerphone, Touchscreen, Video Calling, Video Camera, Wi-Fi Capable', 'Local Warehouse': '1 x Tempered FilmÔºå1x CaseÔºå1x HD Film', 'Lock Status': 'USA', 'Manufacturer Color': 'Factory Unlocked', 'Manufacturer Warranty': 'Black Blue Purple', 'Memory Card Type': '1 Year', 'Model': 'MicroSD', 'Model Number': 'XGODY', 'Modified Item': 'LTE + CDMA + GSM', 'Network': 'No', 'Non-Domestic Product': 'Unlocked', 'Notice': 'No', 'Operating System': 'support T-Mobile', 'Processor': 'Android', 'RAM': 'Quad Core', 'Screen Size': '2 GB', 'SIM Card Slot': '6.3 in', 'Storage Capacity': 'Dual SIM (SIM + SIM + Memory Card)', 'Style': '16 GB(Support up to 32 64 128 256GB ,TF card not included)', 'tips': 'Bar', 'UPC': 'If you want other colors, you can place an order with remarks'}"
NEW UNLOCKED SAMSUNG GALAXY NOTE 20 5G SM-N981U 128GB ALL COLORS/MEMORY GSM+CDMA,US $246.05/ea,186427096860,"{'Condition': 'New: A brand-new, unused, unopened, undamaged item in its original packaging (where packaging is ... Read more\nabout the condition', 'Processor': '', 'Screen Size': 'Qualcomm', 'Chipset Model': '6.7 in', 'Model Number': 'Qualcomm Snapdragon 865+', 'Lock Status': 'SM-N981U, SM-N981U1', 'SIM Card Slot': 'Factory Unlocked', 'Brand': 'Single SIM', 'Network': 'Samsung', 'Model': 'Unlocked', 'Connectivity': 'Samsung Galaxy Note20 5G', 'Operating System': '4G, 4G+, 5G, Bluetooth, GPS', 'Features': 'Android', 'Storage Capacity': '3D Depth Camera, 3D Depth Sensor, 4K Video Recording, Acceleromet', 'Contract': '128 GB', 'Camera Resolution': 'Without Contract', 'RAM': '64.0 MP'}"
(Unlocked) Huawei Mate 20 Pro LYA-AL00 128GB Android Global Version Smartphone,US $133.00/ea,156234921555,"{'Condition': 'Used', 'Seller Notes': '‚ÄúAndroid OS , Google service . The phone has been used, professionally restored and tested to ... Read more\nabout the seller notes', 'Brand': '', 'Screen Size': 'Huawei', 'Color': '6.39 in', 'Network': 'Black', 'Model': 'Unlocked', 'Operating System': 'LYA-AL00', 'Storage Capacity': 'Android', 'SIM Card Slot': '128 GB', 'Camera Resolution': 'Dual SIM (SIM + SIM)', 'RAM': '40.0 MP'}"
Original Huawei Mate 30 (5G) 8G/128/256GB Android Mobile Phone Grade A Usedphone,US $156.00/ea,266823546148,"{'Condition': 'Used', 'Seller Notes': '‚ÄúGrade A Original Phone, Mirror fingerprint function not available,Everything else is normal, Cheap ... Read more\nabout the seller notes', 'Brand': '', 'Screen Size': 'Huawei', 'Network': '6.6 in', 'Color': 'Unlocked', 'Model': 'Blue', 'Connectivity': 'Mate 30', 'Operating System': '5G', 'Storage Capacity': 'Android', 'Lock Status': '256 GB', 'Camera Resolution': 'Network Unlocked', 'RAM': '20.0 MP'}"
"Samsung Galaxy A20 SM-A205U 32GB+ 3GB Black 6.4"" Unlocked Smartphone-New Sealed",US $99.99,394928764660,"{'Condition': 'New: A brand-new, unused, unopened, undamaged item in its original packaging (where packaging is ... Read more\nabout the condition', 'Processor': '', 'Screen Size': 'Octa Core', 'Chipset Model': '6.4 in', 'Color': 'Samsung Exynos 7884', 'Memory Card Type': 'Black', 'MPN': 'MicroSD', 'Lock Status': 'SM-A205UZKAXAA', 'Model Number': 'Factory Unlocked', 'SIM Card Slot': 'Sm-A205u', 'Brand': 'Single SIM', 'Manufacturer Warranty': 'Samsung', 'Network': '1 Year', 'Model': 'Unlocked', 'Connectivity': 'Samsung Galaxy A20', 'Style': 'USB Type-C', 'Features': 'Bar', 'Operating System': 'Accelerometer, Camera, Dual Rear Cameras, Email, Web, GPS, Speakerphone, Touch Screen, Video Camera, Wi-Fi Capable', 'Storage Capacity': 'Android', 'Country/Region of Manufacture': '32 GB', 'Contract': 'Korea, Republic of', 'Camera Resolution': 'Without Contract', 'RAM': '5.0 MP', 'UPC': '3 GB'}"
üì± Apple iPhone 5S 16/32/64GB Unlocked Used No fingerprint mobile phone IOS12 üì±,US $27.00/ea,314579214368,"{'Condition': 'Used', 'Seller Notes': '‚ÄúPlease read the purchase prompts carefully.We do not accept the reason for the dispute: it does not ... Read more\nabout the seller notes', 'Brand': '', 'Network': 'Apple', 'Model': 'Unlocked', 'Style': 'Apple iPhone 5s', 'Operating System': 'Bar', 'Lock Status': 'iOS', 'SIM Card Slot': 'Network Unlocked', 'Camera Resolution': 'Single SIM'}"
Samsung Galaxy A15 A155F 128GB 4GB RAM GSM Unlocked International Version (New),US $129.99,326019418314,"{'Condition': 'New: A brand-new, unused, unopened, undamaged item in its original packaging (where packaging is ... Read more\nabout the condition', 'Processor': '', 'Screen Size': 'Mediatek Helio G99 (6nm)', 'Memory Card Type': '6.50', 'Model Number': 'microSDXC', 'Lock Status': 'A155M', 'SIM Card Slot': 'GSM Factory Unlocked', 'Brand': 'Dual SIM (SIM + SIM)', 'Network': 'Samsung', 'Model': 'GSM Unlocked', 'Connectivity': 'Galaxy A15', 'Operating System': '2G, 3G, 4G, 4G+', 'Storage Capacity': 'Android', 'Contract': '128 GB', 'Camera Resolution': 'Without Contract', 'RAM': '50MP + 5MP + 2MP'}"
Samsung Galaxy S8 S8+ S9 S9+ Plus 64GB - Unlocked Verizon T-Mobile AT&T - READ!,US $54.95,276356088313,"{'Condition': 'Open box', 'Seller Notes': '‚ÄúPlease READ! The screen will have a visible blemish which may be a spot, shadow burn, or both. This ... Read more\nabout the seller notes', 'Processor': '', 'Screen Size': 'Octa Core', 'Memory Card Type': '5.8 in, 6.2 in', 'MPN': 'MicroSD', 'Model Number': 'Does Not Apply', 'Lock Status': 'SM-G950U, SM-G955U, SM-G960U, SM-G965U', 'SIM Card Slot': 'Factory Unlocked', 'Brand': 'Single SIM', 'Network': 'Samsung', 'Connectivity': 'AT&T, Consumer Cellular, Cricket Wireless, h2o, Metro, Mint Mobile, SIMPLE Mobile, Sprint, Straight Talk, T-Mobile, U.S. Cellular, Unlocked, Verizon', 'Style': '3G, 4G, Bluetooth, Dual-Band, GPS, LTE, USB Type-C', 'Operating System': 'Bar', 'Features': 'Android', 'Contract': 'Accelerometer, Active Edge, Ambient Light Sensor, AMOLED Display, Bluetooth Enabled, Camera, Fast Charging, Fingerprint Sensor, Front Camera, GPS, Gyro Sensor, Proximity Sensor, Rear Camera, Vibration, Wi-Fi Capable, Wireless Charging', 'Camera Resolution': 'Without Contract', 'RAM': '12.0 MP'}"
Apple iPhone 11 - 64GB - Fully Unlocked ALL CARRIERS - VERY GOOD condition,US $199.99,224785456700,"{'Condition': 'Very Good - Refurbished', 'Seller Notes': '‚ÄúVery Good - This unit is in VERY GOOD cosmetic condition and may have minor scrapes or scratches ... Read more\nabout the seller notes', 'Processor': '', 'Screen Size': 'Hexa Core', 'Seller Warranty': '6.1 in', 'Custom Bundle': '12 Months', 'Chipset Model': 'No', 'Memory Card Type': 'Apple A12 Bionic', 'MPN': 'None', 'Model Number': 'Does not apply', 'Lock Status': 'A1984 (CDMA + GSM)', 'Cellular Band': 'Factory Unlocked', 'SIM Card Slot': 'GSM / CDMA / HSPA / EVDO / LTE', 'Brand': 'Single SIM', 'Network': 'Apple', 'Model': '1&1, AT&T, Boost Mobile, Metro, Mint Mobile, Spectrum, Straight Talk, T-Mobile, Unlocked, Verizon, Virgin Mobile', 'Style': 'Apple iPhone 11', 'Connectivity': 'Bar', 'Operating System': '4G, Bluetooth, GPS, NFC, Wi-Fi', 'Features': 'iOS', 'Storage Capacity': '4K Video Recording, Accelerometer, Ambient Light Sensor, Barometer, Digital Compass, Facial Recognition, Fast Charging, Gyro Sensor, Proximity Sensor, Wireless Charging', 'Country/Region of Manufacture': '64 GB', 'Contract': 'United States', 'Camera Resolution': 'Without Contract', 'RAM': '12.0 MP'}"
üì± Apple iPhone 6 6 Plus IOS 4G 16/32/64GB usedphone Unlocked üì±,US $36.00/ea,386989206085,"{'Condition': 'Used', 'Seller Notes': '‚Äúbelow IOS15 does not belong to ""No Sim Restrictions"". Please understand clearly before purchasing. ... Read more\nabout the seller notes', 'Processor': '', 'Screen Size': 'Dual Core', 'Color': '5.5 in', 'Lock Status': 'Gray', 'SIM Card Slot': 'Network Unlocked', 'Brand': 'Single SIM', 'Network': 'Apple', 'Model': 'Unlocked', 'Style': 'Apple iPhone 6 Plus', 'Connectivity': 'Bar', 'Operating System': '4G', 'Storage Capacity': 'iOS', 'Camera Resolution': '64 GB', 'RAM': '12.0 MP'}"
99%N ew Apple iPhone 4S 8/16/32/64GB Black/White UNLOCKED (GSM+CDMA) IOS 9,US $31.99/ea,134762317554,"{'Condition': 'Used', 'Seller Notes': '‚ÄúA classic Apple phone with a nearly brand new appearance, brand new batteries, each tested and full ... Read more\nabout the seller notes', 'Brand': '', 'Processor': 'Apple', 'Screen Size': 'Dual Core', 'Network': '3.5 in', 'Model': 'Unlocked', 'Connectivity': 'Apple iPhone 4s', 'Operating System': '3G', 'Storage Capacity': 'iOS', 'Lock Status': '16 GB', 'Camera Resolution': 'Factory Unlocked', 'SIM Card Slot': '8.0 MP', 'RAM': 'Single SIM'}"
Unlocked Original Nokia 3310 Classic Mobile Phone Only 2G GSM 900/1800 Mini-SIM,US $23.25,285566369362,"{'Condition': 'Used', 'Seller Notes': '‚ÄúRefurbished to Good condition, 100% Genuine, professionally tested and in full working order.‚Äù', 'Screen Size': '1.5""', 'Color': 'Blue', 'Lock Status': 'Factory Unlocked', 'Model Number': 'Nokia 3310', 'Brand': 'Nokia', 'Manufacturer Warranty': '1 year', 'Network': 'Unlocked', 'Model': '3310', 'Style': 'Bar', 'Connectivity': '2G', 'Storage Capacity': '128 MB', 'Contract': 'Without Contract', 'Camera Resolution': 'NO', 'Processor': 'NO', 'Features': 'Bar', 'RAM': '<8MB', 'SIM Card Slot': 'Single SIM', 'Operating System': 'Nokia 3310', 'Memory Card Type': 'NO', 'MPN': 'Does Not Apply', 'Cellular Band': 'GSM 900 / 1800', 'UPC': 'Does not apply'}"
Caterpillar CAT S42 32GB Dual-SIM Factory Unlocked Smartphone - Black,US $149.99/ea,325231253547,"{'Condition': 'New: A brand-new, unused, unopened, undamaged item in its original packaging (where packaging is ... Read more\nabout the condition', 'Processor': '', 'Screen Size': 'Quad Core', 'Color': '5.5 in', 'Memory Card Type': 'Black', 'MPN': 'MicroSD', 'Model Number': 'CAT S42', 'Lock Status': 'S42', 'SIM Card Slot': 'Factory Unlocked', 'Cellular Band': 'Dual SIM (SIM + SIM)', 'Brand': 'LTE 28 (700), LTE 7 (2600), LTE 1 (2100), GSM 1900, GSM 1800, LTE 8 (900), GSM 900, LTE 20 (800), LTE 5 (850), LTE 2 (1900), LTE 3 (1800), LTE 38 (2600), LTE 4 (1700/2100), GSM 850', 'Network': 'CAT', 'Model': 'Unlocked', 'Connectivity': 'Cat S42', 'Operating System': 'Bluetooth, 4G, 3G, Wi-Fi, Micro USB, NFC, GPS, LTE', 'Features': 'Android', 'Storage Capacity': 'Bluetooth Enabled, Front Camera, NFC Connectivity, Wi-Fi Capable, Internet Connectivity, Touch Screen, Dust-Resistant, GPS, Rugged, Color Screen, Water-Resistant, Nano SIM, Rear Camera, Video Camera', 'Camera Resolution': '32 GB', 'RAM': '13.0 MP'}"
Samsung Galaxy J3 6 J320F DUAL SIM Black Unlocked Mobile Phone TESTED,US $69.00,156244817563,"{'Condition': 'Used', 'Seller Notes': '‚ÄúFully functional and Tested‚Äù', 'Processor': 'Quad Core', 'Screen Size': '5 in', 'Color': 'Black', 'Memory Card Type': 'MicroSD', 'MPN': 'J320F', 'Model Number': 'SM-J330FN', 'Lock Status': 'Network Unlocked', 'SIM Card Slot': 'Dual SIM (SIM + SIM)', 'Colour': 'Black', 'Brand': 'Samsung', 'Contents': 'Phone and battery only', 'Manufacturer Warranty': 'None', 'Network': 'Unlocked', 'Model': 'Samsung Galaxy J3', 'Connectivity': 'Bluetooth, 4G, 3G, Wi-Fi, 2G, Micro USB, NFC, GPRS, GPS, LTE', 'Style': 'Bar', 'Operating System': 'Android', 'Features': 'Video Calling, Sim Free, Email, Web, Front Camera, Wi-Fi Capable, Video Camera, GPRS, Camera, FM Radio', 'Storage Capacity': '8 GB', 'Contract': 'Without Contract', 'Camera Resolution': '13.0 MP', 'RAM': '2 GB'}"
"Samsung Galaxy Golden i9235 Flip 16GB+1.5GB Unlocked 3G GSM 2G 3.7"" Smartphone",US $153.45/ea,275364260627,"{'Condition': 'Used', 'Seller Notes': '‚ÄúRefurbished to Grade A+, 100% Genuine, professionally tested and in full working order.Package ... Read more\nabout the seller notes', 'Camera Resolution': '', 'Model': '8.0 MP', 'Cellular Band': 'Golden I9235', 'RAM': 'HSDPA 2100', 'Model Number': '1.5 GB', 'Color': 'i9325', 'MPN': 'Black And Gold', 'Storage Capacity': 'Does not apply', 'Brand': '16 GB', 'Memory Card Type': 'Samsung', 'Screen Size': 'microSDXC', 'Operating System': '3.7 in', 'Contract': 'Android', 'Style': 'Without Contract', 'Connectivity': 'Flip', 'Features': '2G, 3G', 'Lock Status': 'Flip, Camera, Color Screen', 'Network': 'Network Unlocked', 'SIM Card Slot': 'Unlocked', 'Processor': 'Single SIM', 'UPC': 'Dual-core'}"
Vortex HD65 Ultra (Unlocked) - Black 6.5‚Äù 32GB 3GB GSM 4G LTE 8MP Quad Core,US $39.99/ea,186474325521,"{'Condition': 'New: A brand-new, unused, unopened, undamaged item in its original packaging (where packaging is ... Read more\nabout the condition', 'Processor': '', 'Screen Size': 'Quad Core', 'Color': '6.5 in', 'Memory Card Type': 'Black', 'Lock Status': 'MicroSD', 'Model Number': 'Network Unlocked', 'Cellular Band': 'HD65 Ultra', 'Brand': 'GSM 1800', 'Network': 'Vortex', 'Model': 'Unlocked', 'Connectivity': 'Ultra', 'Storage Capacity': '4G', 'Camera Resolution': '32 GB', 'RAM': '8.0 MP'}"
KYOCERA 701KC DIGNO KEITAI 2 Android Flip Phone White SIM Unlocked Japan,US $83.00,315214036332,"{'Condition': 'Used', 'Seller Notes': '‚ÄúGood‚Äù', 'Processor': 'Quad Core', 'Screen Size': '3.4 in', 'Color': 'White', 'Memory Card Type': 'MicroSDHC', 'MPN': '701KC', 'Lock Status': 'Network Unlocked', 'Model Number': '701KC', 'SIM Card Slot': 'Single SIM', 'Brand': 'Kyocera', 'Network': 'Unlocked', 'Model': '701KC', 'Style': 'Flip', 'Connectivity': '3G, 4G, Wi-Fi', 'Operating System': 'Android', 'Features': 'Bluetooth Enabled, Camera, Nano SIM', 'Storage Capacity': '8 GB', 'Country/Region of Manufacture': 'Japan', 'Contract': 'Without Contract', 'Camera Resolution': '8.0 MP', 'RAM': '1 GB'}"
OnePlus 10T 5G 128GB Moonstone Black T-Mobile Unlocked Smartphone - Brand New.,US $279.99,185997734023,"{'Condition': 'New: A brand-new, unused, unopened, undamaged item in its original packaging (where packaging is ... Read more\nabout the condition', 'Processor': '', 'Screen Size': 'Octa Core', 'Chipset Model': '6.7 in', 'Color': 'Qualcomm Snapdragon 8+ Gen 1', 'UPC': 'Black', 'SD Card Slot': '610214675965', 'MPN': 'Does not have SD card slot', 'Lock Status': '5011102102', 'Model Number': 'Factory Unlocked', 'SIM Card Slot': 'CPH2419', 'Cellular Band': 'Single SIM', 'Brand': 'GSM 1900', 'Manufacturer Warranty': 'OnePlus', 'Network': '1 Year', 'Model': 'T-Mobile, Unlocked', 'Style': 'OnePlus 10T 5G', 'Connectivity': 'Bar', 'Operating System': 'USB Type-C, 5G, Bluetooth, Wi-Fi, NFC', 'Features': 'OxygenOS', 'Storage Capacity': '4K Video Recording, Accelerometer, AMOLED Display, Barometer, Bluetooth Enabled, Camera, Email, Web, Email Access, Facial Recognition, Fast Charging, Flash Light, FM Radio, Front Camera, GPS, Gyro Sensor, HDR Display, LED Flash, Triple Rear Camera, Ultra Wide-Angle Camera, Wide-Angle Camera, Dark Mode, Auto brightness, NFC enabled, Electronic Compass, Gyroscope, Flick-detect Sensor, SAR sensor', 'Country/Region of Manufacture': '128 GB', 'Contract': 'China', 'Camera Resolution': 'Without Contract', 'RAM': '50.0 MP'}"
"Samsung Galaxy A54 5G 128GB SM-A546 50 MP (SIM+eSIM) T-Mobile, AT&, Unlocked",US $159.99,275926762447,"{'Condition': 'Open box', 'Seller Notes': '‚ÄúMint- Device Only!‚Äù', 'Processor': 'Exynos 1280', 'Custom Bundle': 'Yes Volume Discount Available', 'Chipset Model': 'Exynos 1380', 'MPN': 'Does Not Apply', 'Compared to Samsung Galaxy A54 A34': 'Galaxy A33 A73 A72 5G', 'Year Released': '2022', 'Lock Status': 'T-mobile, MetroPCS or Unlocked', 'SIM Card Slot': 'Single SIM', 'Best Use for': 'Everyday use Gaming Photography Videography', 'Manufacturer Warranty': '30-Day seller return policy', 'Network': 'AT&T, Boost Mobile, Cricket Wireless, Metro, SIMPLE Mobile, Sprint, T-Mobile, Ultra Mobile, Unlocked, MetroPCS, Global Unlocked', 'Style': 'Bar', 'Operating System': 'Android', 'Features': 'Bluetooth Enabled, Camera, Color Screen, Digital Compass, Email, Web, Email Access, Fast Charging, Fast Wireless Charging, Fingerprint Sensor, Front Camera, Global Ready, GPRS, GPS, Music Player, Nano SIM, NFC Connectivity, OLED Display, Rear Camera, Rugged, Speakerphone, Streaming Video, Triple Rear Camera, Vibration, Video Calling, Video Camera, Wi-Fi Capable, Wireless Charging', 'Storage Capacity': '128 GB', 'Camera Resolution': '50.0 MP', '5G smartphone Super AMOLED display Exynos 1380 processor': 'Samsung Galaxy A series Mid-range smartphone 5G smartphone', 'Screen Size': '6.4 in', 'A54 Graphite A54 Silver A54 Purple': 'A54 Lime A54 Awesome Black', 'Color': 'Black - Violet', 'Memory Card Type': 'MicroSD', '32MP front-facing camera 5000mAh battery 25W fast charging': '128GB storage Quad rear camera system', 'Model Number': 'A546U', 'Newer Model of Samsung Galaxy A32': 'Galaxy A42 A52 A52S A53 A72', 'Cellular Band': 'Locked/Unlocked Status specific', 'Brand': 'Samsung', 'design similar to': 'S23', 'Model': 'Samsung Galaxy A54', 'Connectivity': '2G, 3G, 4G, 4G+, 5G, Bluetooth, GPRS, GPS, LTE, Micro USB, NFC, USB Type-C, WAP, Wi-Fi', 'Country/Region of Manufacture': 'Korea, Republic of', 'Contract': 'Without Contract', 'RAM': '6 GB'}"
"2024 New Mini Flip Mobile Phone 2 SIM Cards Small Display Phone, Cell T5I2",US $17.14/ea,404980499793,"{'Condition': 'New: A brand-new, unused, unopened, undamaged item in its original packaging (where packaging is ... Read more\nabout the condition', 'Model': '', 'Storage Capacity': '/', 'Color': '/', 'Type': '/', 'Brand': 'as shown', 'MPN': 'Unbranded', 'Country/Region of Manufacture': 'Does Not Apply'}"
Samsung Galaxy A54 5G A546U 128GB Black 6.4'' Unlocked/Verizon/Cricket - Good,US $149.00,145536261202,"{'Condition': 'Good - Refurbished', 'Seller Notes': '‚ÄúNetwork LOCKED!!! Choose by yourself. 8.5/10 Condition. Fully tested and cleaned. 1-Year warranty!‚Äù', 'Processor': 'Octa Core', 'Screen Size': '6.4 in', 'Color': 'Black', 'Memory Card Type': 'MicroSD', 'MPN': 'SM-A546U', 'Lock Status': 'Network Locked', 'SIM Card Slot': 'Single SIM', 'Cellular Band': 'CDMA 1900', 'Brand': 'Samsung', 'Network': 'AT&T, Cricket, Metro PCS, Spectrum, T-Mobile, Unlocked, Verizon', 'Model': 'Samsung Galaxy A54', 'Connectivity': '4G+, 5G, LTE', 'Style': 'Bar', 'Operating System': 'Android', 'Features': '4K Video Recording, AMOLED Display, Bluetooth Enabled, Camera, Color Screen, Facial Recognition, Fast Charging, Fast Wireless Charging, Fingerprint Sensor', 'Storage Capacity': '128 GB', 'Contract': 'Without Contract', 'Camera Resolution': '50.0 Megapixel', 'RAM': '6 GB'}"
NEW Samsung Galaxy S20 Ultra 5G G988U 128GB Fully Unlocked GSM+CDMA All Carriers,US $269.80,315388334453,"{'Condition': 'New: A brand-new, unused, unopened, undamaged item in its original packaging (where packaging is ... Read more\nabout the condition', 'Processor': '', 'Screen Size': 'Octa Core', 'Chipset Model': '6.9 in', 'Lock Status': 'Qualcomm SM8250 Snapdragon 865 5G', 'Model Number': 'Network Unlocked', 'SIM Card Slot': 'SM-G988U, SM-G988U1', 'Brand': 'Single SIM', 'Network': 'Samsung', 'Model': 'Unlocked, AT&T, T-Mobile, Verizon, U.S. Cellular', 'Connectivity': 'Samsung Galaxy S20 Ultra 5G', 'Operating System': '5G, Bluetooth, GPS, NFC, Wi-Fi', 'Features': 'Android', 'Storage Capacity': 'GPS, Music Player, Speakerphone, Wi-Fi Capable, NFC Connectivity, ANT+, Bluetooth Enabled, Camera, Fingerprint Sensor', 'Contract': '128 GB', 'Camera Resolution': 'Without Contract', 'RAM': '108.0 MP'}"
Redmi Note 11 5G Factory Unlocked Cell Phone 256GB GSM INT'L Version (CN) OB/AUR,US $115.47,226180785874,"{'Condition': 'Open box', 'Seller Notes': '‚ÄúOPEN BOX: An item in excellent condition with no wear.‚Äù', 'Processor': 'Octa Core', 'Screen Size': '6.6 in', 'Color': 'AURORA', 'Memory Card Type': '21121119SC', 'Lock Status': 'Factory Unlocked', 'SIM Card Slot': 'Dual SIM (SIM + SIM)', 'Brand': 'Redmi', 'Network': 'Unlocked', 'Model': 'Redmi Note 11 5G', 'Connectivity': '2G, 3G, 4G', 'Operating System': 'Android', 'Features': 'Accelerometer, Ambient Light Sensor, Gyro Sensor, Proximity Sensor', 'Storage Capacity': '256 GB', 'Contract': 'Without Contract', 'Camera Resolution': '50.0 MP', 'RAM': '8GB'}"
Samsung Galaxy A53 5G SM-A536U - 128GB Black (Unlocked) Brand New Sealed,US $209.99,285853383942,"{'Condition': 'New: A brand-new, unused, unopened, undamaged item in its original packaging (where packaging is ... Read more\nabout the condition', 'Processor': '', 'Screen Size': 'Octa Core', 'Color': '6.5 in', 'Memory Card Type': 'Black', 'Lock Status': 'MicroSD', 'SIM Card Slot': 'Network Unlocked', 'Brand': 'Dual SIM (SIM + SIM/Memory Card)', 'Network': 'Samsung', 'Model': 'Unlocked', 'Connectivity': 'Samsung Galaxy A53 5G', 'Style': '5G, Bluetooth, Wi-Fi, NFC', 'Operating System': 'Bar', 'Features': 'Android', 'Storage Capacity': 'AMOLED Display, Fingerprint Sensor, Triple Rear Camera', 'Contract': '128 GB', 'Camera Resolution': 'Without Contract', 'RAM': '5.0 MP'}"
Samsung Galaxy S20 FE 5G SM-G781U1 Factory Unlocked 128GB Cloud Navy Good,US $139.99,195993688048,"{'Condition': 'Good - Refurbished', 'Seller Notes': '‚ÄúSamsung Galaxy S20 FE 5G SM-G781U1 Factory Unlocked 128GB Cloud Navy Good‚Äù', 'Model': 'Galaxy S20 FE 5G', 'Brand': 'Samsung', 'Color': 'Cloud Navy', 'Storage Capacity': '128GB', 'Network': 'Factory Unlocked', 'Lock Status': 'Unlocked', 'RAM': '6 GB RAM', 'Compatible Brand': 'Samsung', 'Model Number': 'SM-G781U1', 'Functionality Condition': 'F-5', 'Cosmetic Condition': 'C-4', 'Data Sanitation Status': 'Sanitized with software', 'Compatible Operating System': 'Android13', 'Type': 'Galaxy S20 FE 5G', 'Internet Connectivity': 'Factory Unlocked'}"
Samsung Galaxy S21 5G SM-G991U Factory Unlocked 128GB Phantom Gray Good,US $169.99,175874998439,"{'Condition': 'Good - Refurbished', 'Seller Notes': '‚ÄúSamsung Galaxy S21 5G SM-G991U Factory Unlocked 128GB Phantom Gray Good‚Äù', 'Model': 'Galaxy S21 5G', 'Brand': 'Samsung', 'Color': 'Phantom Gray', 'Storage Capacity': '128GB', 'Network': 'Factory Unlocked', 'Lock Status': 'Unlocked', 'Compatible Brand': 'Samsung', 'Model Number': 'SM-G991U', 'Functionality Condition': 'F-5', 'Cosmetic Condition': 'C-4', 'Data Sanitation Status': 'Sanitized with software', 'Compatible Operating System': 'Android14', 'Type': 'Galaxy S21 5G', 'Internet Connectivity': 'Factory Unlocked'}"
Apple iPhone 12 - 64GB 128GB 256GB - Factory Unlocked - All Colors - Good,US $299.85,204531365720,"{'Condition': 'Good - Refurbished: The item shows moderate wear and is backed by a one year warranty. It is fully ... Read more\nabout the condition', 'Processor': '', 'Screen Size': 'Hexa Core', 'Chipset Model': '5.8 in', 'MPN': 'Apple A12 Bionic', 'Lock Status': 'MGH63LLA, MGEG3LL/A, MGF83LL/A, MJNE3LL/A, MGEK3LL/A, MGFN3LL/A, MGER3LLA, MGHD3LL/A, MGHG3LL/A, MJNF3LL/A, MGHF3LL/A, MGHE3LL/A, MGHH3LL/A, MGHJ3LL/A, MGF33LL/A, MJNG3LL/A, MGHL3LL/A, MGFH3LL/A', 'Model Number': 'Factory Unlocked', 'SIM Card Slot': 'A2172 (CDMA + GSM)', 'Brand': 'Single SIM', 'Network': 'Apple', 'Model': 'Unlocked', 'Connectivity': 'Apple iPhone 12', 'Operating System': '4G, Bluetooth, Lightning', 'Features': 'iOS', 'Contract': 'Accelerometer, Camera, Dual Rear Cameras', 'Camera Resolution': 'Without Contract', 'RAM': '12.0 MP'}"
FOR SPECTRUM Motorola Razr+ Plus 40 Ultra XT2321 256GB Infinite Black -Excellent,US $252.99,196339177282,"{'Condition': 'Excellent - Refurbished', 'Seller Notes': '‚ÄúThis Product has been determined fully functional by our industry leading functionality inspection ... Read more\nabout the seller notes', 'Processor': '', 'Screen Size': 'Qual Comm', 'Color': '6.9 in', 'Chipset Model': 'Black', 'UPC': 'Qualcomm Snapdragon 8+ Gen 1', 'MPN': '840023240508', 'Lock Status': 'XT2321', 'Model Number': 'Network Locked', 'SIM Card Slot': 'XT2321', 'Brand': 'Single SIM', 'EAN': 'Motorola', 'Network': 'N/A', 'Model': 'Spectrum', 'Connectivity': 'Razr plus 2023', 'Style': 'Bluetooth,Wi-Fi', 'Features': 'Flip', 'Operating System': 'Wireless Charging,Wi-Fi Capable,Wide-Angle Camera', 'Storage Capacity': 'Android', 'Country/Region of Manufacture': '256 GB', 'Contract': 'China', 'Camera Resolution': 'Without Contract', 'RAM': '32 MP'}"
